Category,Question,Answer,Language,Alt_Questions,Canonical_Id,Source,Source_URL,Last_Verified,Verified
Greeting,avuxeni minjhani,Avuxeni! Ndzi nga ku pfuna njhani?,Xitsonga,,en-000,,,,curated
Greeting,sawubona sanibonani,Sawubona! Ngingakusiza kanjani?,isiZulu,,en-001,,,,curated
Greeting,dumela dumelang,Dumela! Nka go thusa jang?,Setswana,,en-002,,,,curated
Greeting,nda ndaa,Ndaa! Ndi nga ni thusa hani?,Tshivenda,,en-003,,,,curated
Greeting,hello bao,"Hello! I am Bao, your offline-first assistant. What do you need help with?",English,,en-004,,,,curated
Education,where is the library,The main university library is located in the center of the campus.,English,library location campus library building,en-005,,,,curated
Education,where is the computer science lab,The main computer science and IT labs are on the second floor of the science block. Please ensure you have your student card for access.,English,,en-006,,,,curated
Education,where do i find my multivariable calculus tutorial,Advanced multivariable calculus tutorials are usually held in the main sports complex hall or the library study rooms. Check your timetable.,English,,en-007,,,,curated
Healthcare,what are the clinic hours,"Campus clinic hours are typically from 08:00 to 16:00, Monday through Friday.",English,clinic opening times operating hours clinic,en-008,,,,curated
Logistics,load shedding schedule,"For the latest Tshwane load shedding schedule, please check the EskomSePush app or the municipal website.",English,electricity outage times power cuts eskom stages,en-009,,,,curated
Logistics,where can i fix my laptop,"There are several hardware repair shops near campus, or you can check if the student IT volunteer desk is open for assistance.",English,laptop repair computer fixing it support,en-010,,,,curated
Finance,how do i check my student account balance,You can view your outstanding fee balance by logging into the student portal under the 'Finances' tab.,English,student account balance check fees statement,en-011,,,,curated
Safety,campus security number,"If you have an emergency on campus, please contact the main security office immediately at their 24-hour toll-free number.",English,campus security contact number phone security,en-012,,,,curated
Government Services,how do i apply for an id book or smart id card,"Apply for a South African ID at your nearest Department of Home Affairs office, or check if eHomeAffairs online applications are available in your area. For queries, call the Home Affairs toll-free line on 0800 60 11 90.",English,,en-013,,,,curated
Government Services,how do i check my id or passport application status,"You can track an ID or passport application for free by SMS: send 'ID' followed by your 13-digit ID number to 32551 for an ID document, or 'Passport' followed by your ID number to 32551 for a passport.",English,,en-014,,,,curated
Government Services,how do i apply for a sassa grant,"Visit your nearest SASSA office with your ID document to apply for a grant such as the Older Persons Grant, Disability Grant, or Child Support Grant, or apply for the SRD R370 grant online at srd.sassa.gov.za. For enquiries, call the SASSA toll-free line on 0800 60 10 11.",English,social grant application sassa help applying grant older persons disability child support,en-015,SASSA,https://www.sassa.gov.za/,2026-09-06,verified
Government Services,sassa grant or srd status check,"Check your SASSA grant or SRD R370 status online at srd.sassa.gov.za, or call the SASSA toll-free helpline on 0800 60 10 11, Monday to Friday.",English,,en-016,,,,curated
Government Services,sars tax number query income tax vat,"For income tax, VAT, PAYE, or tax clearance certificate queries, contact the SARS National Call Centre on 0800 00 7277 (0800 00 SARS).",English,,en-017,,,,curated
Government Services,report corruption or fraud in government,You can report government corruption or fraud via the National Anti-Corruption Hotline on 0800 43 43 73.,English,,en-018,,,,curated
Safety,emergency number what number do i call,"Dial 112 from any cellphone for a general emergency. It connects you to police, ambulance, or fire services, even without airtime.",English,,en-019,,,,curated
Safety,police emergency number,Call the South African Police Service (SAPS) emergency line on 10111 to report a crime in progress or request urgent police help.,English,police contact number dial police saps emergency,en-020,SAPS national emergency line,https://www.saps.gov.za/,2026-09-06,verified
Safety,ambulance number medical emergency,"Call 10177 for a national ambulance in a medical emergency, or dial 112 from a cellphone.",English,,en-021,,,,curated
Safety,report a crime anonymously,You can report a crime anonymously via Crime Stop on 08600 10111.,English,anonymous crime tip off reporting crime privately crime stop,en-022,SAPS Crime Stop,https://www.saps.gov.za/,2026-09-06,verified
Safety,gender based violence help gbv,"The Gender-Based Violence Command Centre offers 24-hour support and counselling on 0800 428 428, or you can SMS 'HELP' to 31531.",English,,en-023,,,,curated
Safety,report child abuse,"To report child abuse or get help, contact Childline South Africa on 116.",English,child abuse reporting protect a child helpline childline,en-024,Childline South Africa,https://childlinesa.org.za/,2026-09-06,verified
General Knowledge,what is the capital of south africa,"South Africa has three capital cities: Pretoria (administrative), Cape Town (legislative), and Bloemfontein (judicial).",English,which city is the capital administrative seat of government,en-025,,,,curated
General Knowledge,how many official languages does south africa have,"South Africa has 12 official languages: Afrikaans, English, IsiNdebele, IsiXhosa, IsiZulu, Sepedi, Sesotho, Setswana, SiSwati, Tshivenda, Xitsonga, and South African Sign Language.",English,number of languages spoken officially list of official languages,en-026,,,,curated
General Knowledge,what is the currency of south africa,The currency of South Africa is the South African Rand (ZAR).,English,what currency is used rand money used in south africa,en-027,,,,curated
General Knowledge,how many provinces does south africa have,"South Africa has nine provinces: Eastern Cape, Free State, Gauteng, KwaZulu-Natal, Limpopo, Mpumalanga, North West, Northern Cape, and Western Cape.",English,list of provinces number of provinces gauteng limpopo,en-028,,,,curated
Education,how do i apply for nsfas funding student loan,"NSFAS (National Student Financial Aid Scheme) applications are made online at nsfas.org.za. For help, call the toll-free NSFAS line on 08000 67327, or dial USSD *120*67327# from any cellphone.",English,student funding bursary financial aid nsfas application,en-029,NSFAS,https://www.nsfas.org.za/,2026-09-06,verified
Education,did not get accepted into university now what,"If you were not accepted anywhere, the Central Applications Clearing House (CACH) helps match students with open spaces at universities and TVET colleges after the January application period. Apply at cach.ac.za.",English,,en-030,,,,curated
Finance,uif unemployment insurance fund benefits,"The Unemployment Insurance Fund (UIF) provides benefits if you lose your job, take maternity or parental leave, or are unable to work due to illness. You can register and check claims at ufiling.labour.gov.za.",English,,en-031,,,,curated
Greeting,goeiedag hallo goeie dag,Goeiedag! Hoe kan ek jou help?,Afrikaans,,en-032,,,,curated
Greeting,molo molweni,Molo! Ndingakunceda njani?,isiXhosa,,en-033,,,,curated
Greeting,thobela dumela dumelang,Thobela! Nka go thuša ka eng?,Sepedi,,en-034,,,,curated
Greeting,lumela lumelang dumela dumelang,Lumela! Nka o thusa jwang?,Sesotho,,en-035,,,,curated
Greeting,sanibonani sawubona siswati,Sanibonani! Nginganisita njani?,siSwati,,en-036,,,,curated
Greeting,lotjhani lotjha salibonani,Lotjhani! Ngingakusiza njani?,isiNdebele,,en-037,,,,curated
Safety,inombolo yamaphoyisa,Shayela amaphoyisa (SAPS) ku-10111 uma kunesimo esiphuthumayo noma ubika ubugebengu obwenzekayo. Ungashayela futhi u-112 kunoma yiluphi uselula.,isiZulu,ngingashayela kuphi amaphoyisa amaphoyisa usizo oluphuthumayo,en-020,SAPS national emergency line,https://www.saps.gov.za/,,needs-review
Safety,nomboro ya maphorisa,Fonela maphorisa (SAPS) eka 10111 loko ku ri ni xiyimo xa xihatla kumbe u vika vugevenga. U nga tlhela u fonela 112 hi selfoni.,Xitsonga,maphorisa mpfuno wa xihatla ndzi fonela mani,en-020,SAPS national emergency line,https://www.saps.gov.za/,,needs-review
Healthcare,inombolo ye-ambulensi,Shayela i-ambulensi ku-10177. Ungashayela futhi u-112 kunoma yiluphi uselula ukuthola usizo lwezempilo oluphuthumayo.,isiZulu,usizo lwezempilo oluphuthumayo i-ambulensi,en-039,National ambulance service,https://www.gov.za/,,needs-review
Healthcare,nomboro ya ambulense,Fonela ambulense eka 10177. U nga tlhela u fonela 112 hi selfoni ku kuma mpfuno wa rihanyu wa xihatla.,Xitsonga,mpfuno wa rihanyu wa xihatla ambulense,en-039,National ambulance service,https://www.gov.za/,,needs-review
Safety,ukubika ukuhlukunyezwa kwengane,Shayela i-Childline South Africa ku-116 ukubika ukuhlukunyezwa kwengane noma ukuthola usizo. Kumahhala futhi kuyimfihlo.,isiZulu,usizo lwengane ukuhlukumezeka kwezingane,en-024,Childline South Africa,https://childlinesa.org.za/,,needs-review
Safety,ku vika ku xanisiwa ka n'wana,Fonela Childline South Africa eka 116 ku vika ku xanisiwa ka n'wana kumbe ku kuma mpfuno. I mahala naswona i xihundla.,Xitsonga,mpfuno wa vana ku xanisiwa ka vana,en-024,Childline South Africa,https://childlinesa.org.za/,,needs-review
Safety,usizo lodlame olubhekiswe kubulili,"Shayela i-GBV Command Centre ku-0800 428 428. Kumahhala, kuyimfihlo, futhi kuvulekile amahora angu-24 ngosuku.",isiZulu,udlame lwasekhaya usizo lwabesifazane,en-040,GBV Command Centre,https://www.gov.za/,,needs-review
Safety,mpfuno wa madzolonga ya rimbewu,"Fonela GBV Command Centre eka 0800 428 428. I mahala, i xihundla, naswona yi pfuriwile 24 wa tiawara hi siku.",Xitsonga,madzolonga ya le kaya mpfuno wa vavasati,en-040,GBV Command Centre,https://www.gov.za/,,needs-review
Safety,ukubika ubugebengu ngokungaziwa,Ungabika ubugebengu ngokungaziwa ku-Crime Stop ku-08600 10111.,isiZulu,ukubika icala ngaphandle kwegama lami,en-022,SAPS Crime Stop,https://www.saps.gov.za/,,needs-review
Safety,ku vika vugevenga u nga tiviwi,U nga vika vugevenga u nga tiviwi eka Crime Stop eka 08600 10111.,Xitsonga,ku vika nandzu handle ka vito ra mina,en-022,SAPS Crime Stop,https://www.saps.gov.za/,,needs-review
Government Services,ngingasifaka kanjani isicelo sesibonelelo se-sassa,Vakashela ihhovisi le-SASSA eliseduze nawe uphethe umazisi wakho. Ucingo lwamahhala lwe-SASSA: 0800 60 10 11.,isiZulu,imali yesibonelelo isibonelelo sengane sassa,en-015,SASSA,https://www.sassa.gov.za/,,needs-review
Government Services,ndzi nga kombela njhani mpfuno wa sassa,Endzela hofisi ya SASSA leyi nga kusuhi na wena u ri ni xikombiso xa vunhu. Riqingho ra mahala ra SASSA: 0800 60 10 11.,Xitsonga,mali ya mpfuno grant ya vana sassa,en-015,SASSA,https://www.sassa.gov.za/,,needs-review
Education,ngingasifaka kanjani isicelo se-nsfas,"Faka isicelo se-NSFAS ku-inthanethi ku-nsfas.org.za. Ucingo lwamahhala: 08000 67327, noma udayele u-*120*67327#.",isiZulu,imali yokufunda uxhaso lwezemfundo nsfas,en-029,NSFAS,https://www.nsfas.org.za/,,needs-review
Education,ndzi nga kombela njhani nsfas,"Kombela NSFAS eka inthanete eka nsfas.org.za. Riqingho ra mahala: 08000 67327, kumbe u dayela *120*67327#.",Xitsonga,mali ya dyondzo mpfuno wa swichudeni nsfas,en-029,NSFAS,https://www.nsfas.org.za/,,needs-review
